X,Y,Z,formation,group
452322.1,6782459.5,-5575.0566,BCU,BCU
452324.94,6782029.5,-5531.4814,BCU,BCU
451775.75,6782029.5,-5586.042,BCU,BCU
451789.38,6782354.5,-5610.9487,BCU,BCU
451267.53,6782028.0,-5613.0938,BCU,BCU
451562.84,6782422.0,-5612.8213,BCU,BCU
451490.28,6782598.0,-5608.139,BCU,BCU
451264.06,6782327.0,-5604.2563,BCU,BCU
453657.88,6782223.0,-5353.1807,BCU,BCU
453910.75,6782029.5,-5338.66,BCU,BCU
453375.84,6782030.5,-5392.196,BCU,BCU
452873.28,6782030.0,-5455.4614,BCU,BCU
452792.5,6782360.5,-5487.791,BCU,BCU
454027.62,6782393.0,-5305.703,BCU,BCU
454491.53,6782272.0,-5273.8228,BCU,BCU
454749.56,6782029.5,-5289.002,BCU,BCU
454367.53,6782029.5,-5304.368,BCU,BCU
454851.22,6782271.0,-5262.92,BCU,BCU
455105.22,6782029.5,-5283.1973,BCU,BCU
455511.4,6782228.5,-5244.6553,BCU,BCU
455955.94,6782029.0,-5244.7974,BCU,BCU
455494.25,6782029.5,-5270.877,BCU,BCU
455767.2,6782308.5,-5215.3633,BCU,BCU
455961.0,6782280.0,-5201.239,BCU,BCU
453414.03,6782385.0,-5386.407,BCU,BCU
455215.62,6782268.0,-5252.574,BCU,BCU
452059.3,6782479.5,-5604.2974,BCU,BCU
455421.88,6782547.0,-5219.8975,BCU,BCU
454482.25,6782530.0,-5258.5186,BCU,BCU
451263.44,6783093.0,-5618.5947,BCU,BCU
451582.97,6782930.5,-5617.874,BCU,BCU
451263.7,6782662.0,-5600.884,BCU,BCU
453154.66,6782661.5,-5438.797,BCU,BCU
455963.0,6782618.0,-5166.078,BCU,BCU
455720.47,6782561.5,-5192.805,BCU,BCU
451916.53,6783114.0,-5623.905,BCU,BCU
451819.38,6782676.0,-5615.172,BCU,BCU
452586.0,6782662.0,-5547.154,BCU,BCU
452812.78,6782725.5,-5506.4336,BCU,BCU
453467.3,6782845.0,-5393.49,BCU,BCU
454932.03,6782648.0,-5239.8413,BCU,BCU
451723.5,6783328.0,-5632.808,BCU,BCU
453732.75,6782737.0,-5343.1553,BCU,BCU
454103.12,6782857.5,-5288.97,BCU,BCU
455716.0,6782873.0,-5179.354,BCU,BCU
455313.3,6782983.0,-5211.3706,BCU,BCU
452922.84,6783028.0,-5505.0923,BCU,BCU
453219.0,6783034.5,-5450.9307,BCU,BCU
454486.2,6782890.0,-5250.1934,BCU,BCU
452237.66,6783003.0,-5609.0786,BCU,BCU
452596.75,6783003.0,-5563.151,BCU,BCU
454685.8,6783124.0,-5240.4565,BCU,BCU
454984.2,6782996.0,-5231.0225,BCU,BCU
455962.88,6783101.0,-5151.1816,BCU,BCU
451664.66,6783550.0,-5648.939,BCU,BCU
451455.56,6783364.0,-5638.0083,BCU,BCU
453735.06,6783328.0,-5366.041,BCU,BCU
451263.6,6783573.5,-5657.6875,BCU,BCU
454350.7,6783209.0,-5262.5454,BCU,BCU
455027.2,6783328.5,-5229.7866,BCU,BCU
453117.94,6783249.0,-5482.841,BCU,BCU
453390.53,6783354.0,-5435.841,BCU,BCU
452894.9,6783361.0,-5525.278,BCU,BCU
454091.97,6783222.0,-5294.9697,BCU,BCU
455377.03,6783333.0,-5204.1455,BCU,BCU
455679.84,6783331.5,-5177.064,BCU,BCU
452576.88,6783459.0,-5579.65,BCU,BCU
454612.56,6783566.0,-5258.4443,BCU,BCU
452235.25,6783508.0,-5614.91,BCU,BCU
454203.03,6783590.0,-5300.423,BCU,BCU
451951.62,6783627.0,-5636.4253,BCU,BCU
453185.25,6783589.5,-5488.8857,BCU,BCU
451703.66,6783978.0,-5662.5615,BCU,BCU
454996.3,6783742.0,-5240.458,BCU,BCU
453082.4,6783977.5,-5515.5557,BCU,BCU
453443.75,6783979.0,-5456.6826,BCU,BCU
455345.0,6783666.0,-5206.3647,BCU,BCU
455962.53,6783629.0,-5153.4214,BCU,BCU
452565.3,6783979.5,-5582.091,BCU,BCU
452131.94,6783979.0,-5625.8228,BCU,BCU
452600.25,6783756.0,-5582.618,BCU,BCU
453803.97,6783978.5,-5394.244,BCU,BCU
454499.38,6783813.0,-5282.836,BCU,BCU
454832.44,6783979.0,-5270.3916,BCU,BCU
454309.84,6783979.0,-5324.286,BCU,BCU
451263.53,6783979.0,-5690.879,BCU,BCU
455356.47,6783979.5,-5218.239,BCU,BCU
455961.53,6783979.5,-5164.224,BCU,BCU
451498.16,6782285.0,-6293.1694,etive,etive A
451741.78,6782125.0,-6178.9854,etive,etive A
451304.1,6782096.5,-6379.891,etive,etive A
452061.97,6782241.0,-5954.4453,etive,etive A
452093.06,6782055.0,-6057.6636,etive,etive A
451248.88,6782467.0,-6438.086,etive,etive A
451757.38,6782435.5,-6155.7793,etive,etive A
451513.28,6782460.0,-6309.201,etive,etive A
451402.38,6782630.0,-6377.634,etive,etive A
451930.25,6782426.0,-6039.47,etive,etive A
451200.9,6782886.5,-6511.59,etive,etive A
451962.47,6782643.0,-6079.9175,etive,etive A
451626.62,6782709.0,-6260.6733,etive,etive A
451440.9,6782752.0,-6367.8604,etive,etive A
451575.56,6782945.0,-6326.2354,etive,etive A
451885.38,6782994.5,-6185.465,etive,etive A
451453.28,6783178.0,-6383.2866,etive,etive A
451315.3,6783487.0,-6452.1953,etive,etive A
451689.78,6783299.0,-6287.66,etive,etive A
451523.25,6783393.0,-6342.425,etive,etive A
451598.75,6783529.5,-6333.9443,etive,etive A
451923.97,6783567.5,-6254.9463,etive,etive A
451948.94,6782993.5,-6241.253,etive,etive A
451471.72,6783620.0,-6394.657,etive,etive A
451695.7,6783634.0,-6321.101,etive,etive A
451527.8,6783760.0,-6405.295,etive,etive A
451373.94,6783926.5,-6606.303,etive,etive A
451280.4,6783809.0,-6453.091,etive,etive A
452193.25,6783887.5,-6138.382,etive,etive A
451701.94,6783891.0,-6405.1094,etive,etive A
451969.2,6783887.5,-6266.102,etive,etive A
453112.25,6782262.0,-6126.6753,etive,etive B
453017.72,6782054.5,-6137.425,etive,etive B
452757.3,6782228.5,-6264.1274,etive,etive B
453419.94,6782069.5,-5989.494,etive,etive B
454043.5,6782238.0,-5719.077,etive,etive B
454373.3,6782259.5,-5582.2656,etive,etive B
454111.28,6782044.0,-5691.962,etive,etive B
453906.78,6782100.5,-5804.58,etive,etive B
453624.9,6782277.5,-5904.025,etive,etive B
453384.2,6782477.0,-6044.447,etive,etive B
454012.47,6782402.0,-5739.2935,etive,etive B
452669.47,6783067.0,-6358.8066,etive,etive B
452942.16,6782746.5,-6240.9746,etive,etive B
452702.56,6782623.0,-6314.6646,etive,etive B
453022.38,6782493.0,-6188.6816,etive,etive B
453658.0,6782521.0,-5924.6577,etive,etive B
454244.53,6782580.5,-5606.9307,etive,etive B
454048.22,6782533.0,-5724.065,etive,etive B
453840.34,6782581.0,-5835.9287,etive,etive B
453183.06,6782763.0,-6173.549,etive,etive B
453474.3,6782682.0,-6046.135,etive,etive B
454030.4,6782669.0,-5722.5215,etive,etive B
453087.97,6783017.0,-6229.334,etive,etive B
453777.53,6782855.0,-5902.92,etive,etive B
454221.4,6782744.5,-5610.478,etive,etive B
454482.94,6782845.5,-5442.227,etive,etive B
454186.8,6782868.0,-5646.891,etive,etive B
452832.78,6783260.0,-6343.491,etive,etive B
453029.56,6783342.0,-6288.9277,etive,etive B
453386.28,6782892.5,-6122.9844,etive,etive B
454149.6,6783045.5,-5692.111,etive,etive B
453910.0,6783032.0,-5857.4595,etive,etive B
452775.2,6783417.5,-6361.6543,etive,etive B
453435.38,6783079.5,-6105.031,etive,etive B
453734.6,6783110.0,-5952.0303,etive,etive B
453952.16,6783174.0,-5829.4556,etive,etive B
454044.3,6783332.5,-5787.3213,etive,etive B
453259.38,6783260.0,-6209.263,etive,etive B
453623.1,6783286.0,-6030.849,etive,etive B
454402.5,6783389.0,-5543.495,etive,etive B
453368.3,6783451.5,-6163.216,etive,etive B
453712.16,6783478.5,-5988.9043,etive,etive B
453218.47,6783601.0,-6222.16,etive,etive B
453034.38,6783799.0,-6283.3696,etive,etive B
454012.56,6783519.0,-5812.2134,etive,etive B
454164.88,6783612.5,-5730.6934,etive,etive B
453916.34,6783618.0,-5889.09,etive,etive B
453406.12,6783963.0,-6179.953,etive,etive B
453762.56,6783942.5,-6000.796,etive,etive B
453429.88,6783711.0,-6125.8916,etive,etive B
452678.12,6783584.5,-6359.2188,etive,etive B
453783.62,6783729.0,-5964.3174,etive,etive B
454015.7,6783679.0,-5850.3647,etive,etive B
454028.8,6783801.5,-5835.9824,etive,etive B
454082.62,6783909.0,-5829.1875,etive,etive B
455375.3,6782442.0,-5860.9404,etive,etive C
455522.88,6782424.0,-5809.214,etive,etive C
455495.75,6782257.5,-5869.93,etive,etive C
455718.88,6782388.0,-5721.2803,etive,etive C
455441.56,6782078.5,-5931.369,etive,etive C
455254.6,6782055.0,-5859.9863,etive,etive C
455828.97,6782207.0,-5791.9053,etive,etive C
455919.06,6782360.0,-5576.109,etive,etive C
455728.8,6782553.0,-5707.076,etive,etive C
455508.44,6782603.0,-5818.3584,etive,etive C
455904.97,6782545.5,-5588.9478,etive,etive C
455256.66,6782772.5,-5882.0137,etive,etive C
455664.53,6782781.0,-5750.72,etive,etive C
455493.78,6782949.5,-5840.188,etive,etive C
454911.38,6783938.5,-5927.287,etive,etive C
455275.88,6783095.5,-5883.414,etive,etive C
455855.88,6782746.0,-5657.404,etive,etive C
455960.88,6782821.0,-5614.898,etive,etive C
455900.8,6782906.5,-5647.422,etive,etive C
455396.47,6783219.5,-5865.8184,etive,etive C
455655.12,6783021.5,-5794.298,etive,etive C
455800.25,6783055.0,-5730.269,etive,etive C
455075.88,6783916.5,-5912.3916,etive,etive C
455521.53,6783504.0,-5806.779,etive,etive C
455558.2,6783082.0,-5827.2324,etive,etive C
455668.22,6783299.0,-5769.555,etive,etive C
455646.0,6783158.0,-5814.243,etive,etive C
455929.22,6783205.5,-5670.8384,etive,etive C
455951.66,6783533.5,-5685.971,etive,etive C
455261.75,6783981.5,-5852.939,etive,etive C
455853.16,6782064.0,-5807.736,etive,etive C
454564.4,6782281.0,-5506.7534,fault3,fault3
454666.88,6782183.0,-5638.475,fault3,fault3
454579.56,6782074.0,-5627.645,fault3,fault3
454822.47,6782177.5,-5737.794,fault3,fault3
454961.47,6782067.5,-5801.1367,fault3,fault3
454338.4,6782244.0,-5376.1533,fault3,fault3
455007.6,6782303.0,-5799.7114,fault3,fault3
455298.78,6782241.0,-5997.9233,fault3,fault3
454820.88,6782277.0,-5688.905,fault3,fault3
454233.06,6782707.0,-5409.957,fault3,fault3
454443.16,6782394.0,-5507.841,fault3,fault3
454598.1,6782482.0,-5659.863,fault3,fault3
454632.16,6782379.0,-5681.564,fault3,fault3
454915.44,6782383.0,-5808.056,fault3,fault3
454803.4,6782382.5,-5835.7207,fault3,fault3
454647.88,6782637.5,-5608.7065,fault3,fault3
454915.2,6782498.0,-5798.543,fault3,fault3
454746.47,6782549.5,-5675.5166,fault3,fault3
455282.47,6782688.0,-6193.331,fault3,fault3
454611.44,6782867.0,-5498.267,fault3,fault3
454936.5,6782729.5,-5794.6543,fault3,fault3
455123.8,6782847.0,-5925.7314,fault3,fault3
454385.62,6783044.0,-5468.2466,fault3,fault3
454562.5,6783137.0,-5585.762,fault3,fault3
454924.3,6782926.0,-5711.4897,fault3,fault3
455141.78,6782995.5,-5946.782,fault3,fault3
454053.7,6783334.0,-5469.032,fault3,fault3
454248.44,6783115.0,-5522.712,fault3,fault3
454813.53,6783063.0,-5689.5215,fault3,fault3
454413.97,6783275.0,-5756.4873,fault3,fault3
455063.12,6783121.0,-6032.0254,fault3,fault3
454881.25,6783184.5,-5916.4873,fault3,fault3
454360.0,6783361.5,-5692.652,fault3,fault3
454216.62,6783393.0,-5603.0283,fault3,fault3
455234.8,6783247.5,-6562.87,fault3,fault3
455010.28,6783235.5,-6236.743,fault3,fault3
454652.2,6783242.5,-5921.4062,fault3,fault3
454121.78,6783620.5,-5524.13,fault3,fault3
455204.8,6783376.0,-6516.244,fault3,fault3
454909.78,6783288.0,-6292.739,fault3,fault3
454598.97,6783338.5,-5962.7134,fault3,fault3
454891.4,6783382.5,-6263.77,fault3,fault3
454548.12,6783398.0,-5933.932,fault3,fault3
454352.03,6783495.5,-5776.1006,fault3,fault3
454562.84,6783490.0,-6015.3594,fault3,fault3
454849.78,6783469.5,-6273.643,fault3,fault3
455175.4,6783523.0,-6491.297,fault3,fault3
454834.34,6783582.0,-6161.292,fault3,fault3
454535.72,6783625.0,-5822.006,fault3,fault3
454422.7,6783812.5,-5584.444,fault3,fault3
454699.7,6783786.5,-5931.901,fault3,fault3
454303.84,6783976.5,-5465.7,fault3,fault3
454270.16,6783792.0,-5465.8623,fault3,fault3
454863.75,6783682.0,-6107.508,fault3,fault3
454972.84,6783859.5,-6177.488,fault3,fault3
454681.53,6783902.5,-5886.5005,fault3,fault3
452356.84,6782235.5,-6112.7705,fault4,fault4
452330.9,6782069.5,-6059.2236,fault4,fault4
452083.03,6782102.5,-5900.289,fault4,fault4
452574.47,6782159.0,-6264.5083,fault4,fault4
452869.78,6782065.0,-6392.704,fault4,fault4
452661.7,6782023.5,-6301.994,fault4,fault4
452215.6,6782317.0,-5980.946,fault4,fault4
452643.62,6782279.0,-6378.965,fault4,fault4
451964.88,6782377.5,-5844.9414,fault4,fault4
452104.88,6782323.0,-5856.252,fault4,fault4
452061.97,6782256.0,-5805.6333,fault4,fault4
451901.1,6782252.5,-5740.6943,fault4,fault4
452128.62,6782438.0,-6048.193,fault4,fault4
452991.2,6782160.0,-6533.881,fault4,fault4
452383.2,6782401.0,-6219.8447,fault4,fault4
451728.78,6782549.5,-5834.132,fault4,fault4
451746.2,6782440.5,-5715.0103,fault4,fault4
452680.12,6782503.0,-6452.5884,fault4,fault4
452202.06,6782703.0,-6170.172,fault4,fault4
452145.2,6782610.0,-6113.8506,fault4,fault4
451916.9,6782696.0,-5918.8823,fault4,fault4
452395.9,6782504.0,-6272.747,fault4,fault4
452511.78,6782625.0,-6378.3223,fault4,fault4
451753.66,6782822.0,-5934.5835,fault4,fault4
452706.38,6782993.0,-6446.252,fault4,fault4
452662.6,6782725.5,-6437.2188,fault4,fault4
452523.6,6782712.0,-6373.7324,fault4,fault4
451972.4,6782868.5,-6077.8076,fault4,fault4
452094.66,6782814.0,-6184.7236,fault4,fault4
452377.25,6782820.5,-6356.2227,fault4,fault4
452592.88,6782810.0,-6420.5137,fault4,fault4
451973.84,6782994.0,-6060.506,fault4,fault4
451933.7,6782920.0,-5989.9736,fault4,fault4
451738.03,6782920.5,-5929.3135,fault4,fault4
452209.66,6782919.5,-6195.2324,fault4,fault4
452518.2,6782921.0,-6365.4595,fault4,fault4
452396.94,6783015.0,-6325.966,fault4,fault4
452154.34,6783106.5,-6229.081,fault4,fault4
451785.28,6783229.5,-6125.881,fault4,fault4
452318.34,6783222.0,-6382.8623,fault4,fault4
452733.9,6783124.5,-6609.6367,fault4,fault4
452277.38,6783417.0,-6350.9707,fault4,fault4
452068.66,6783459.0,-6195.9297,fault4,fault4
452707.8,6783302.5,-6622.865,fault4,fault4
452583.56,6783423.0,-6508.503,fault4,fault4
452757.94,6783537.0,-6546.6904,fault4,fault4
451889.03,6783496.5,-6020.5337,fault4,fault4
452288.4,6783578.0,-6279.101,fault4,fault4
452515.03,6783531.5,-6461.5117,fault4,fault4
452013.7,6783733.5,-5908.933,fault4,fault4
452182.75,6783681.0,-6102.8525,fault4,fault4
452597.88,6783679.0,-6383.4155,fault4,fault4
452164.44,6783934.0,-5785.464,fault4,fault4
452459.94,6783829.0,-6219.2285,fault4,fault4
452160.62,6783819.0,-6012.1504,fault4,fault4
452818.2,6783767.0,-6477.7,fault4,fault4
452561.16,6783947.0,-6186.4,fault4,fault4
452717.9,6783898.0,-6397.4927,fault4,fault4
452875.3,6783947.0,-6444.251,fault4,fault4
451436.28,6782319.5,-6070.118,ness,ness A
451488.84,6782070.5,-6029.546,ness,ness A
451318.94,6782071.5,-6117.2446,ness,ness A
451614.97,6782262.0,-5961.212,ness,ness A
451709.88,6782070.0,-5889.612,ness,ness A
451287.47,6782295.0,-6147.741,ness,ness A
451817.8,6782325.5,-5877.294,ness,ness A
451316.1,6782595.5,-6162.699,ness,ness A
451581.75,6782401.0,-6032.629,ness,ness A
451709.72,6782477.0,-5947.7915,ness,ness A
451488.0,6782599.5,-6088.171,ness,ness A
451639.1,6782572.0,-6006.0366,ness,ness A
451798.44,6782708.5,-5922.687,ness,ness A
451484.62,6782919.5,-6140.0312,ness,ness A
451328.25,6782890.0,-6200.2715,ness,ness A
451591.2,6782772.0,-6056.323,ness,ness A
451338.84,6783234.0,-6221.0703,ness,ness A
451645.22,6782934.0,-6047.2065,ness,ness A
451589.03,6783064.5,-6070.074,ness,ness A
451744.78,6783110.0,-5946.6587,ness,ness A
451516.03,6783129.5,-6130.219,ness,ness A
451567.25,6783299.0,-6079.071,ness,ness A
451593.25,6783164.5,-6042.6455,ness,ness A
451848.62,6783525.0,-5918.631,ness,ness A
451340.78,6783564.0,-6227.586,ness,ness A
451553.62,6783541.0,-6089.2344,ness,ness A
451519.2,6783710.0,-6135.52,ness,ness A
451654.88,6783775.0,-6052.2456,ness,ness A
451789.97,6783876.0,-6002.831,ness,ness A
451556.72,6783913.0,-6122.5347,ness,ness A
451329.66,6783907.5,-6246.069,ness,ness A
451981.7,6783889.5,-5908.1094,ness,ness A
453022.72,6782287.0,-5900.4795,ness,ness B
453172.44,6782013.5,-5820.651,ness,ness B
452761.03,6782012.5,-5974.7334,ness,ness B
452697.62,6782424.0,-6018.8896,ness,ness B
452537.4,6782094.0,-6035.3896,ness,ness B
453590.4,6782215.0,-5659.782,ness,ness B
453789.7,6782064.0,-5587.0293,ness,ness B
453510.28,6782014.0,-5685.963,ness,ness B
453924.66,6782309.0,-5550.831,ness,ness B
454035.1,6782064.0,-5502.556,ness,ness B
453448.62,6782520.5,-5744.592,ness,ness B
453773.6,6782337.0,-5601.8774,ness,ness B
453025.1,6782590.5,-5899.7876,ness,ness B
454052.75,6782523.0,-5485.8936,ness,ness B
453900.6,6782466.0,-5562.9004,ness,ness B
452342.84,6782680.0,-6116.3936,ness,ness B
452556.53,6782859.5,-6095.1206,ness,ness B
454285.88,6782853.0,-5333.6855,ness,ness B
452809.12,6782774.0,-5985.046,ness,ness B
453773.2,6782594.0,-5594.759,ness,ness B
453927.62,6782693.0,-5510.118,ness,ness B
454044.44,6782728.5,-5454.994,ness,ness B
452747.62,6783237.0,-6085.671,ness,ness B
453371.4,6782842.0,-5818.4004,ness,ness B
453698.7,6782837.5,-5655.616,ness,ness B
454060.62,6782943.0,-5453.054,ness,ness B
454136.62,6782786.0,-5432.167,ness,ness B
452147.78,6783315.0,-6156.326,ness,ness B
452386.0,6783067.0,-6138.563,ness,ness B
453082.94,6783005.0,-5939.2993,ness,ness B
452427.78,6783210.0,-6165.336,ness,ness B
452489.3,6783124.0,-6134.0605,ness,ness B
453547.38,6783137.0,-5780.8203,ness,ness B
453908.8,6783092.5,-5562.231,ness,ness B
454169.16,6782981.5,-5386.111,ness,ness B
454237.7,6783252.0,-5414.1396,ness,ness B
454080.5,6783180.5,-5494.0293,ness,ness B
453072.94,6783325.5,-6018.3564,ness,ness B
454017.9,6783182.0,-5511.954,ness,ness B
452435.16,6783365.0,-6152.1636,ness,ness B
454081.7,6783525.0,-5550.1753,ness,ness B
453943.56,6783321.0,-5605.151,ness,ness B
453780.06,6783385.0,-5737.4126,ness,ness B
453409.7,6783483.0,-5931.3174,ness,ness B
452413.88,6783602.0,-6121.3994,ness,ness B
452523.9,6783583.5,-6117.7803,ness,ness B
453968.4,6783615.0,-5636.363,ness,ness B
452231.7,6783541.0,-6131.3447,ness,ness B
452691.28,6783614.5,-6122.423,ness,ness B
453748.94,6783667.0,-5778.6562,ness,ness B
452987.56,6783641.0,-6082.1826,ness,ness B
452458.28,6783820.5,-6037.4785,ness,ness B
452710.8,6783950.5,-6153.306,ness,ness B
453443.53,6783921.5,-5914.5156,ness,ness B
453777.22,6783917.5,-5745.0386,ness,ness B
454180.84,6783955.5,-5501.138,ness,ness B
453084.06,6783938.0,-6040.434,ness,ness B
455453.3,6782674.0,-5585.7383,ness,ness C
455438.62,6782489.0,-5589.465,ness,ness C
455314.53,6782416.5,-5637.9707,ness,ness C
455830.0,6782506.0,-5399.428,ness,ness C
455613.56,6782401.5,-5504.8984,ness,ness C
455105.5,6782763.0,-5702.283,ness,ness C
455312.0,6782845.0,-5637.249,ness,ness C
454871.28,6783229.0,-5770.5957,ness,ness C
455151.7,6782937.0,-5709.176,ness,ness C
455645.78,6782766.0,-5506.954,ness,ness C
455753.7,6782925.5,-5501.551,ness,ness C
455911.3,6783283.0,-5492.4854,ness,ness C
455510.5,6782874.0,-5593.0225,ness,ness C
455596.7,6782975.5,-5586.9136,ness,ness C
455381.84,6783008.0,-5669.674,ness,ness C
455172.47,6783489.5,-5673.767,ness,ness C
455352.5,6783296.5,-5684.636,ness,ness C
455177.0,6783177.0,-5732.828,ness,ness C
455444.47,6783151.5,-5639.8623,ness,ness C
455660.72,6783166.0,-5568.805,ness,ness C
455530.56,6783400.0,-5610.494,ness,ness C
455006.34,6783323.0,-5763.5786,ness,ness C
454947.94,6783645.5,-5707.6104,ness,ness C
454722.5,6783572.5,-5843.742,ness,ness C
455136.78,6783700.5,-5671.633,ness,ness C
455397.47,6783879.5,-5608.205,ness,ness C
454771.06,6783839.0,-5823.7573,ness,ness C
455292.7,6783707.0,-5649.3945,ness,ness C
455077.16,6783943.0,-5621.613,ness,ness C
454916.72,6783827.0,-5708.0757,ness,ness C
451484.53,6782221.0,-5791.542,tarbert,tarbert A
451731.47,6782033.0,-5754.5024,tarbert,tarbert A
451399.0,6782036.5,-5795.1763,tarbert,tarbert A
451270.7,6782359.5,-5893.229,tarbert,tarbert A
451623.88,6782302.0,-5749.1777,tarbert,tarbert A
451775.7,6782793.5,-5789.0586,tarbert,tarbert A
452014.88,6782058.5,-5737.411,tarbert,tarbert A
451469.75,6782431.5,-5798.2817,tarbert,tarbert A
451595.06,6782560.0,-5772.412,tarbert,tarbert A
451370.78,6782515.0,-5814.379,tarbert,tarbert A
451441.53,6782591.0,-5823.6294,tarbert,tarbert A
451322.62,6782720.0,-5849.205,tarbert,tarbert A
451597.8,6782859.0,-5788.4956,tarbert,tarbert A
451462.88,6782992.0,-5805.667,tarbert,tarbert A
451330.94,6782985.0,-5841.848,tarbert,tarbert A
451710.72,6783081.5,-5753.1562,tarbert,tarbert A
451590.06,6783155.5,-5779.744,tarbert,tarbert A
451852.44,6783248.0,-5767.225,tarbert,tarbert A
451451.47,6783132.5,-5824.393,tarbert,tarbert A
451336.75,6783300.0,-5842.106,tarbert,tarbert A
451469.28,6783280.0,-5789.9775,tarbert,tarbert A
451562.38,6783330.0,-5767.3784,tarbert,tarbert A
451664.5,6783475.0,-5764.392,tarbert,tarbert A
451478.88,6783423.0,-5805.6113,tarbert,tarbert A
451349.03,6783613.5,-5855.7183,tarbert,tarbert A
451500.5,6783631.0,-5801.481,tarbert,tarbert A
451557.62,6783913.0,-5805.9497,tarbert,tarbert A
451347.9,6783838.0,-5850.363,tarbert,tarbert A
451957.78,6783914.0,-5761.34,tarbert,tarbert A
452727.66,6782477.0,-5824.868,tarbert,tarbert B
452770.72,6782343.0,-5791.1904,tarbert,tarbert B
452690.75,6782126.0,-5807.2056,tarbert,tarbert B
453544.25,6782393.0,-5476.0215,tarbert,tarbert B
453728.84,6782190.5,-5481.8887,tarbert,tarbert B
453424.3,6782118.0,-5481.3896,tarbert,tarbert B
452419.38,6782520.0,-5935.528,tarbert,tarbert B
452558.06,6782405.5,-5880.0728,tarbert,tarbert B
452427.22,6782114.0,-5869.079,tarbert,tarbert B
452939.22,6782486.5,-5721.8687,tarbert,tarbert B
453013.4,6782131.0,-5665.4053,tarbert,tarbert B
452873.22,6783037.0,-5746.2227,tarbert,tarbert B
452996.78,6782812.0,-5712.3594,tarbert,tarbert B
452760.8,6782802.5,-5798.8984,tarbert,tarbert B
453289.47,6782391.0,-5576.2324,tarbert,tarbert B
453264.16,6782158.5,-5500.9634,tarbert,tarbert B
452566.6,6782664.0,-5894.56,tarbert,tarbert B
453127.97,6782591.0,-5667.6143,tarbert,tarbert B
452220.66,6782797.5,-5982.621,tarbert,tarbert B
453801.7,6782527.0,-5418.4316,tarbert,tarbert B
453883.12,6782289.5,-5396.1846,tarbert,tarbert B
454074.3,6782291.5,-5371.547,tarbert,tarbert B
453468.56,6782680.0,-5531.668,tarbert,tarbert B
452759.7,6782632.5,-5783.5127,tarbert,tarbert B
453221.72,6782766.0,-5649.8066,tarbert,tarbert B
453734.75,6782894.5,-5462.1523,tarbert,tarbert B
452524.2,6782839.5,-5871.2217,tarbert,tarbert B
452643.72,6782960.5,-5837.3135,tarbert,tarbert B
453482.5,6783010.0,-5552.6875,tarbert,tarbert B
454123.2,6783092.5,-5384.163,tarbert,tarbert B
453314.62,6782950.0,-5614.1714,tarbert,tarbert B
452485.22,6783048.0,-5895.8374,tarbert,tarbert B
453105.6,6783025.5,-5690.423,tarbert,tarbert B
453627.22,6783186.0,-5516.419,tarbert,tarbert B
453809.1,6783150.0,-5433.777,tarbert,tarbert B
452256.97,6783245.0,-5935.7446,tarbert,tarbert B
452768.8,6783178.0,-5802.342,tarbert,tarbert B
453285.1,6783144.0,-5633.339,tarbert,tarbert B
453453.9,6783238.5,-5582.3594,tarbert,tarbert B
453061.2,6783294.0,-5723.346,tarbert,tarbert B
452672.8,6783394.0,-5844.044,tarbert,tarbert B
453355.78,6783439.5,-5631.412,tarbert,tarbert B
453740.8,6783528.0,-5495.989,tarbert,tarbert B
452903.47,6783453.0,-5793.9473,tarbert,tarbert B
453070.12,6783613.0,-5741.871,tarbert,tarbert B
452513.03,6783879.5,-5879.006,tarbert,tarbert B
452574.66,6783583.0,-5881.7266,tarbert,tarbert B
452302.16,6783615.0,-5904.866,tarbert,tarbert B
453457.34,6783627.0,-5611.9844,tarbert,tarbert B
453331.94,6783847.0,-5655.3633,tarbert,tarbert B
453584.75,6783712.0,-5529.9907,tarbert,tarbert B
452828.12,6783659.0,-5805.3237,tarbert,tarbert B
453434.0,6783732.0,-5617.7446,tarbert,tarbert B
454215.47,6783903.0,-5432.5874,tarbert,tarbert B
453165.9,6783835.0,-5668.543,tarbert,tarbert B
452854.2,6783882.0,-5784.7354,tarbert,tarbert B
453563.9,6783841.0,-5598.2764,tarbert,tarbert B
453727.84,6783933.0,-5495.477,tarbert,tarbert B
455352.38,6783845.0,-5341.122,tarbert,tarbert C
455107.03,6783364.5,-5570.2495,tarbert,tarbert C
454729.2,6783313.5,-5639.6357,tarbert,tarbert C
454697.84,6783961.5,-5664.281,tarbert,tarbert C
454784.6,6782555.0,-5569.212,tarbert,tarbert C
455001.38,6782380.0,-5558.807,tarbert,tarbert C
454983.8,6782091.0,-5565.832,tarbert,tarbert C
455207.53,6782268.5,-5559.538,tarbert,tarbert C
455289.2,6782114.0,-5520.7197,tarbert,tarbert C
455846.72,6782268.0,-5464.085,tarbert,tarbert C
455753.1,6782065.5,-5452.4917,tarbert,tarbert C
455508.9,6782040.0,-5521.2593,tarbert,tarbert C
455480.28,6782290.0,-5529.0186,tarbert,tarbert C
455255.9,6782475.0,-5523.461,tarbert,tarbert C
455031.47,6782819.0,-5595.245,tarbert,tarbert C
455017.06,6782559.0,-5580.3535,tarbert,tarbert C
455579.62,6782443.0,-5458.338,tarbert,tarbert C
455520.16,6782691.5,-5455.8,tarbert,tarbert C
455788.66,6782548.5,-5351.4688,tarbert,tarbert C
455194.47,6782693.0,-5550.796,tarbert,tarbert C
455311.12,6782674.5,-5487.4775,tarbert,tarbert C
455288.12,6782935.5,-5557.7744,tarbert,tarbert C
455433.34,6782839.0,-5518.4688,tarbert,tarbert C
454936.0,6783019.0,-5620.1875,tarbert,tarbert C
455090.75,6783015.0,-5604.1953,tarbert,tarbert C
455802.94,6783036.5,-5462.9497,tarbert,tarbert C
455181.53,6783139.5,-5597.8374,tarbert,tarbert C
454986.84,6783166.0,-5602.463,tarbert,tarbert C
455343.66,6783229.0,-5548.4756,tarbert,tarbert C
455526.9,6783152.0,-5507.939,tarbert,tarbert C
